,user_rating
18433,4.0
18434,4.0
18435,3.0
18436,3.5
18437,4.0
18438,3.75
18439,2.75
18440,3.75
18441,3.75
18442,3.0
18443,3.0
18444,4.5
18445,4.0
18446,3.75
18447,3.75
18448,3.75
18449,4.0
18450,4.0
18451,3.75
18452,3.5
18453,3.25
18454,3.5
18455,3.75
18456,3.75
18457,3.5
18458,3.75
18459,4.0
18460,3.75
18461,4.0
18462,4.0
18463,4.0
18464,4.0
18465,3.75
18466,3.75
18467,3.5
18468,3.75
18469,3.25
18470,3.75
18471,2.75
18472,2.75
18473,3.75
18474,3.5
18475,3.75
18476,3.75
18477,3.5
18478,3.5
18479,3.5
18480,3.5
18481,3.75
18482,3.0
18483,3.5
18484,3.75
18485,3.75
18486,2.5
18487,3.0
18488,4.0
18489,3.75
18490,3.0
18491,3.75
18492,4.0
18493,3.75
18494,2.25
18495,3.75
18496,3.5
18497,3.75
18498,4.0
18499,4.0
18500,3.5
18501,3.75
18502,4.0
18503,4.0
18504,4.0
18505,4.25
18506,3.75
18507,4.0
18508,4.0
18509,3.25
18510,4.25
18511,2.0
18512,3.75
18513,4.25
18514,4.0
18515,4.0
18516,4.0
18517,4.5
18518,4.0
18519,3.5
18520,4.5
18521,4.25
18522,3.75
18523,3.75
18524,3.75
18525,4.0
18526,3.25
18527,3.75
18528,3.75
18529,3.5
18530,3.75
18531,3.75
18532,3.25
18533,3.75
18534,3.75
18535,3.5
18536,4.0
18537,3.75
18538,3.75
18539,3.75
18540,3.5
18541,3.5
18542,3.75
18543,4.0
18544,4.0
18545,3.75
18546,4.0
18547,2.5
18548,3.75
18549,4.25
18550,4.5
18551,4.0
18552,5.0
18553,4.0
18554,4.0
18555,4.75
18556,4.25
18557,4.5
18558,4.0
18559,5.0
18560,5.0
18561,3.5
18562,3.5
18563,3.0
18564,4.5
18565,4.5
18566,5.0
18567,4.25
18568,3.75
18569,3.75
18570,4.0
18571,4.0
18572,3.5
18573,2.5
18574,4.0
18575,4.0
18576,3.25
18577,3.25
18578,3.75
18579,3.0
18580,2.75
18581,1.75
18582,3.0
18583,3.0
18584,3.75
18585,4.0
18586,3.5
18587,4.0
18588,3.5
18589,4.0
18590,4.0
18591,3.5
18592,5.0
18593,4.0
18594,3.75
18595,3.5
18596,3.75
18597,3.75
18598,2.5
18599,3.75
18600,3.75
18601,4.25
18602,3.75
18603,4.0
18604,4.0
18605,4.0
18606,4.0
18607,4.0
18608,4.5
18609,4.25
18610,4.0
18611,3.75
18612,4.0
18613,3.75
18614,3.75
18615,4.25
18616,3.75
18617,4.0
18618,4.5
18619,4.0
18620,3.75
18621,3.75
18622,4.25
18623,3.5
18624,4.0
18625,4.0
18626,4.0
18627,4.0
18628,4.0
18629,4.0
18630,4.25
18631,4.0
18632,4.0
18633,4.0
18634,3.5
18635,3.75
18636,3.75
18637,3.75
18638,3.75
18639,3.75
18640,4.0
18641,3.75
18642,3.75
18643,4.0
18644,4.25
18645,4.5
18646,5.0
18647,3.75
18648,4.0
18649,3.75
18650,3.5
18651,4.0
18652,3.75
18653,3.5
18654,4.25
18655,3.75
18656,3.75
18657,4.25
18658,4.25
18659,4.0
18660,3.75
18661,3.75
18662,4.0
18663,5.0
18664,3.75
18665,4.0
18666,4.75
18667,4.25
18668,4.0
18669,3.5
18670,4.25
18671,3.75
18672,4.25
18673,4.0
18674,4.0
18675,4.0
18676,4.5
18677,4.0
18678,4.0
18679,4.0
18680,4.0
18681,3.5
18682,3.5
18683,3.75
18684,3.25
18685,4.0
18686,4.0
18687,3.5
18688,4.0
18689,3.5
18690,3.25
18691,4.0
18692,3.75
18693,3.5
18694,4.0
18695,4.0
18696,4.0
18697,4.0
18698,3.75
18699,4.0
18700,4.25
18701,3.75
18702,4.0
18703,3.75
18704,5.0
18705,5.0
18706,4.0
18707,3.75
18708,3.75
18709,3.75
18710,3.75
18711,4.0
18712,3.75
18713,2.5
18714,3.75
18715,4.0
18716,3.75
18717,3.75
18718,3.75
18719,3.75
18720,4.0
18721,3.5
18722,3.75
18723,3.25
18724,3.75
18725,4.5
18726,5.0
18727,3.0
18728,3.5
18729,3.25
18730,3.75
18731,3.25
18732,4.5
18733,3.5
18734,3.75
18735,4.0
18736,3.5
18737,3.75
18738,3.75
18739,3.75
18740,3.75
18741,3.75
18742,3.75
18743,3.75
18744,3.75
18745,4.0
18746,4.0
18747,4.0
18748,3.5
18749,4.0
18750,3.75
18751,3.75
18752,4.0
18753,4.0
18754,4.0
18755,4.25
18756,3.75
18757,3.75
18758,4.0
18759,3.75
18760,3.5
18761,4.0
18762,3.75
18763,4.0
18764,4.0
18765,3.75
18766,3.25
18767,3.75
18768,3.75
18769,4.0
18770,4.0
18771,3.75
18772,4.0
18773,3.75
18774,4.5
18775,4.0
18776,4.0
18777,3.75
18778,3.75
18779,3.25
18780,4.0
18781,3.5
18782,3.5
18783,3.75
18784,4.0
18785,3.75
18786,3.5
18787,3.75
18788,3.75
18789,3.75
18790,4.0
18791,3.75
18792,3.75
18793,4.25
18794,3.5
18795,3.75
18796,3.75
18797,4.25
18798,3.75
18799,4.0
18800,3.75
18801,3.5
18802,3.75
18803,4.25
18804,4.0
18805,3.75
18806,3.75
18807,4.0
18808,3.5
18809,3.5
18810,3.25
18811,3.75
18812,3.75
18813,3.5
18814,3.75
18815,3.75
18816,4.0
18817,4.25
18818,3.5
18819,3.75
18820,3.75
18821,4.25
18822,4.0
18823,4.0
18824,4.25
18825,3.75
18826,3.5
18827,3.75
18828,4.0
18829,4.25
18830,5.0
18831,3.75
18832,4.0
18833,4.0
18834,4.0
18835,3.75
18836,4.0
18837,4.75
18838,4.25
18839,3.5
18840,4.0
18841,3.75
18842,3.75
18843,3.5
18844,4.0
18845,3.5
18846,4.0
18847,3.5
18848,4.5
18849,4.0
18850,3.5
18851,4.5
18852,4.25
18853,4.0
18854,4.0
18855,4.25
18856,4.0
18857,4.0
18858,3.75
18859,3.75
18860,3.75
18861,3.5
18862,3.5
18863,4.0
18864,4.0
18865,3.75
18866,3.75
18867,3.75
18868,4.0
18869,4.0
18870,4.25
18871,4.0
18872,4.0
18873,4.0
18874,4.0
18875,3.75
18876,4.0
18877,3.75
18878,3.75
18879,3.75
18880,3.25
18881,3.75
18882,3.75
18883,4.0
18884,4.0
18885,4.25
18886,3.5
18887,4.25
18888,4.0
18889,3.5
18890,4.25
18891,3.75
18892,3.75
18893,3.75
18894,4.0
18895,4.0
18896,3.5
18897,4.0
18898,4.0
18899,3.75
18900,4.0
18901,4.25
18902,4.25
18903,4.0
18904,4.0
18905,3.75
18906,4.0
18907,3.75
18908,4.5
18909,4.0
18910,4.5
18911,3.75
18912,3.75
18913,3.75
18914,3.75
18915,4.0
18916,3.5
18917,3.75
18918,4.0
18919,4.25
18920,4.0
18921,3.75
18922,4.0
18923,3.75
18924,3.75
18925,4.0
18926,3.75
18927,3.75
18928,3.75
18929,3.25
18930,3.75
18931,3.5
18932,4.0
18933,4.5
18934,4.5
18935,3.75
18936,4.0
18937,4.75
18938,3.75
18939,4.0
18940,3.75
18941,3.5
18942,3.25
18943,3.75
18944,3.75
18945,5.0
18946,5.0
18947,3.75
18948,3.75
18949,4.25
18950,3.5
18951,4.0
18952,3.75
18953,4.0
18954,5.0
18955,3.75
18956,4.0
18957,3.75
18958,5.0
18959,5.0
18960,3.0
18961,4.0
18962,4.75
18963,5.0
18964,4.0
18965,4.0
18966,4.25
18967,3.75
18968,3.75
18969,4.0
18970,4.25
18971,3.75
18972,3.75
18973,4.0
18974,4.0
18975,4.25
18976,4.0
18977,3.75
18978,3.75
18979,4.0
18980,4.25
18981,3.25
18982,4.5
18983,4.0
18984,3.75
18985,3.0
18986,4.0
18987,3.75
18988,4.5
18989,3.75
18990,4.25
18991,4.0
18992,4.0
18993,4.0
18994,4.0
18995,4.0
18996,4.0
18997,4.0
18998,4.0
18999,4.0
19000,4.5
19001,3.75
19002,3.75
19003,3.75
19004,3.75
19005,4.0
19006,4.0
19007,4.25
19008,4.25
19009,4.0
19010,4.5
19011,4.0
19012,4.5
19013,3.5
19014,4.0
19015,4.0
19016,3.75
19017,4.0
19018,4.0
19019,4.0
19020,4.0
19021,5.0
19022,3.5
19023,3.75
19024,4.0
19025,3.75
19026,3.75
19027,4.0
19028,3.75
19029,4.0
19030,3.5
19031,3.5
19032,3.75
19033,4.25
19034,5.0
19035,3.75
19036,4.0
19037,4.0
19038,4.0
19039,4.25
19040,3.75
19041,4.25
19042,3.75
19043,4.0
19044,4.0
19045,4.0
19046,4.0
19047,4.5
19048,3.75
19049,3.75
19050,3.25
19051,3.75
19052,3.75
19053,3.5
19054,5.0
19055,3.75
19056,2.75
19057,3.75
19058,3.75
19059,3.75
19060,3.25
19061,4.0
19062,3.75
19063,4.25
19064,4.0
19065,4.0
19066,4.0
19067,5.0
19068,4.0
19069,4.5
19070,3.75
19071,3.75
19072,5.0
19073,3.0
19074,3.75
19075,3.75
19076,4.0
19077,3.75
19078,4.0
19079,5.0
19080,3.75
19081,3.75
19082,4.25
19083,4.25
19084,3.5
19085,4.25
19086,4.0
19087,3.5
19088,4.0
19089,3.25
19090,4.0
19091,4.0
19092,3.75
19093,3.5
19094,3.5
19095,3.75
19096,3.75
19097,3.75
19098,5.0
19099,3.75
19100,3.25
19101,4.0
19102,4.25
19103,3.75
19104,4.0
19105,4.0
19106,3.5
19107,3.75
19108,3.5
19109,3.75
19110,3.5
19111,3.5
19112,4.0
19113,3.75
19114,4.0
19115,4.0
19116,4.25
19117,4.5
19118,4.0
19119,4.25
19120,4.25
19121,5.0
19122,4.25
19123,3.75
19124,4.0
19125,3.75
19126,3.75
19127,3.75
19128,5.0
19129,4.0
19130,5.0
19131,3.75
19132,3.0
19133,4.5
19134,4.0
19135,5.0
19136,3.75
19137,4.0
19138,3.5
19139,4.0
19140,3.75
19141,
19142,
19143,4.0
19144,4.0
19145,3.75
19146,3.5
19147,3.25
19148,5.0
19149,4.0
19150,3.75
19151,4.25
19152,4.0
19153,3.75
19154,4.0
19155,3.5
19156,3.75
19157,3.5
19158,3.75
19159,4.0
19160,4.0
19161,4.0
19162,3.75
19163,4.25
19164,3.75
19165,4.25
19166,3.75
19167,3.75
19168,3.75
19169,3.75
19170,4.25
19171,4.0
19172,4.0
19173,3.75
19174,3.75
19175,4.0
19176,4.5
19177,3.75
19178,3.75
19179,3.75
19180,3.75
19181,3.5
19182,5.0
19183,4.0
19184,5.0
19185,4.5
19186,3.75
19187,3.25
19188,3.5
19189,3.75
19190,4.5
19191,4.5
19192,3.75
19193,3.75
19194,3.5
19195,4.0
19196,4.0
19197,3.75
19198,4.0
19199,4.0
19200,4.25
19201,4.0
19202,4.0
19203,4.0
19204,4.25
19205,4.0
19206,3.75
19207,3.75
19208,4.5
19209,3.0
19210,3.0
19211,3.5
19212,3.75
19213,4.25
19214,4.0
19215,4.0
19216,3.75
19217,3.5
19218,5.0
19219,3.5
19220,3.75
19221,4.0
19222,3.5
19223,3.75
19224,4.0
19225,4.0
19226,4.0
19227,4.25
19228,4.0
19229,4.0
19230,4.0
19231,4.0
19232,3.75
19233,3.75
19234,3.0
19235,3.75
19236,3.5
19237,3.0
19238,4.0
19239,4.0
19240,3.0
19241,3.75
19242,3.75
19243,4.0
19244,3.75
19245,3.75
19246,5.0
19247,3.75
19248,4.0
19249,4.25
19250,3.5
19251,5.0
19252,3.75
19253,4.0
19254,4.25
19255,4.25
19256,3.75
19257,3.75
19258,3.75
19259,3.75
19260,3.5
19261,5.0
19262,5.0
19263,5.0
19264,1.0
19265,2.0
19266,5.0
19267,4.0
19268,4.0
19269,4.0
19270,4.0
19271,4.5
19272,3.0
19273,4.0
19274,3.5
19275,4.5
19276,3.75
19277,3.75
19278,4.0
19279,4.0
19280,4.0
19281,3.75
19282,3.5
19283,3.75
19284,3.75
19285,3.75
19286,4.0
19287,3.25
19288,3.5
19289,4.0
19290,3.75
19291,3.75
19292,4.0
19293,4.0
19294,3.75
19295,3.75
19296,3.75
19297,4.5
19298,4.0
19299,4.25
19300,3.5
19301,3.75
19302,3.75
19303,4.25
19304,4.25
19305,4.0
19306,3.5
19307,4.0
19308,4.0
19309,3.75
19310,4.0
19311,3.5
19312,4.25
19313,4.0
19314,3.75
19315,3.75
19316,3.75
19317,4.25
19318,3.75
19319,4.0
19320,4.5
19321,4.0
19322,4.0
19323,4.0
19324,4.0
19325,4.0
19326,4.0
19327,3.75
19328,3.75
19329,4.0
19330,4.0
19331,4.0
19332,4.0
19333,4.0
19334,4.0
19335,4.0
19336,4.0
19337,3.75
19338,3.75
19339,4.0
19340,4.0
19341,4.0
19342,3.75
19343,4.0
19344,4.25
19345,4.0
19346,5.0
19347,5.0
19348,5.0
19349,5.0
19350,3.25
19351,4.0
19352,5.0
19353,4.0
19354,4.5
19355,3.5
19356,4.0
19357,4.0
19358,3.75
19359,4.25
19360,4.0
19361,4.25
19362,4.0
19363,3.75
19364,3.75
19365,4.25
19366,4.5
19367,4.0
19368,3.75
19369,3.25
19370,3.5
19371,4.0
19372,4.0
19373,4.5
19374,3.75
19375,3.75
19376,3.75
19377,4.0
19378,4.25
19379,4.0
19380,5.0
19381,3.0
19382,3.75
19383,4.0
19384,4.0
19385,3.25
19386,3.75
19387,4.0
19388,3.75
19389,3.75
19390,4.0
19391,3.75
19392,3.75
19393,3.75
19394,4.0
19395,1.25
19396,3.75
19397,5.0
19398,4.25
19399,3.75
19400,3.75
19401,5.0
19402,5.0
19403,3.25
19404,3.75
19405,4.25
19406,5.0
19407,4.0
19408,3.75
19409,4.0
19410,4.0
19411,4.25
19412,4.0
19413,4.0
19414,3.25
19415,3.5
19416,4.25
19417,4.0
19418,2.5
19419,3.75
19420,3.5
19421,3.25
19422,4.0
19423,4.0
19424,3.75
19425,3.75
19426,4.0
19427,4.0
19428,4.0
19429,3.75
19430,3.75
19431,3.5
19432,3.75
19433,3.75
19434,3.5
19435,4.0
19436,4.0
19437,4.0
19438,4.0
19439,3.5
19440,3.5
19441,3.75
19442,3.75
19443,3.75
19444,4.0
19445,4.0
19446,3.75
19447,3.75
19448,3.75
19449,3.5
19450,3.5
19451,3.75
19452,3.75
19453,5.0
19454,3.75
19455,4.0
19456,3.5
19457,4.0
19458,3.75
19459,4.0
19460,4.0
19461,4.5
19462,4.0
19463,4.0
19464,4.0
19465,4.0
19466,4.0
19467,3.5
19468,3.75
19469,3.5
19470,3.5
19471,3.25
19472,4.0
19473,4.0
19474,5.0
19475,4.0
19476,4.0
19477,2.0
19478,4.25
19479,4.0
19480,4.25
19481,4.0
19482,4.0
19483,5.0
19484,3.25
19485,3.25
19486,3.5
19487,3.5
19488,4.0
19489,3.5
19490,4.0
19491,3.75
19492,4.0
19493,3.75
19494,3.5
19495,3.5
19496,4.25
19497,3.75
19498,4.0
19499,4.5
19500,4.0
19501,4.0
19502,3.5
19503,3.75
19504,3.75
19505,4.0
19506,3.5
19507,4.25
19508,4.0
19509,4.0
19510,3.75
19511,4.0
19512,2.75
19513,3.5
19514,3.25
19515,3.5
19516,4.0
19517,3.75
19518,4.25
19519,3.0
19520,3.5
19521,3.25
19522,3.25
19523,3.75
19524,3.5
19525,3.5
19526,3.75
19527,3.25
19528,3.75
19529,4.0
19530,4.0
19531,3.5
19532,3.75
19533,3.75
19534,4.0
19535,3.75
19536,4.0
19537,3.5
19538,4.25
19539,3.5
19540,3.75
19541,3.0
19542,3.25
19543,4.0
19544,3.25
19545,3.75
19546,4.0
19547,4.0
19548,4.5
19549,3.75
19550,4.0
19551,4.0
19552,4.0
19553,4.0
19554,4.5
19555,3.75
19556,3.25
19557,3.5
19558,3.25
19559,3.25
19560,4.0
19561,3.5
19562,3.25
19563,3.75
19564,3.25
19565,3.5
19566,4.0
19567,3.75
19568,5.0
19569,3.75
19570,3.75
19571,4.0
19572,4.0
19573,3.25
19574,3.5
19575,3.5
19576,3.25
19577,3.75
19578,3.75
19579,3.5
19580,3.75
19581,2.75
19582,3.5
19583,3.5
19584,3.75
19585,4.0
19586,3.75
19587,3.25
19588,4.0
19589,4.0
19590,4.0
19591,4.0
19592,3.5
19593,4.0
19594,4.0
19595,3.5
19596,3.5
19597,4.0
19598,4.0
19599,4.0
19600,4.0
19601,3.75
19602,3.5
19603,3.5
19604,3.25
19605,3.75
19606,4.0
19607,4.0
19608,3.75
19609,4.25
19610,3.75
19611,3.75
19612,4.0
19613,3.5
19614,3.5
19615,3.75
19616,3.5
19617,3.5
19618,3.0
19619,3.25
19620,4.0
19621,3.25
19622,3.75
19623,4.0
19624,3.5
19625,3.25
19626,3.5
19627,4.5
19628,3.75
19629,3.5
19630,4.0
19631,4.5
19632,3.75
19633,3.75
19634,3.0
19635,3.0
19636,4.0
19637,2.0
19638,3.25
19639,3.0
19640,3.75
19641,3.5
19642,3.75
19643,3.5
19644,3.5
19645,3.75
19646,4.0
19647,3.75
19648,3.75
19649,4.0
19650,3.75
19651,3.75
19652,3.25
19653,2.75
19654,2.5
19655,2.25
19656,2.25
19657,4.0
19658,3.75
19659,4.0
19660,3.75
19661,3.75
19662,4.0
19663,3.75
19664,4.0
19665,4.25
19666,3.25
19667,3.25
19668,3.25
19669,3.25
19670,3.75
19671,3.25
19672,3.5
19673,3.5
19674,3.75
19675,3.75
19676,4.0
19677,3.75
19678,3.0
19679,3.25
19680,3.5
19681,4.0
19682,3.75
19683,3.75
19684,3.5
19685,3.5
19686,3.5
19687,1.5
19688,3.75
19689,3.75
19690,3.75
19691,2.75
19692,3.75
19693,2.75
19694,3.0
19695,3.5
19696,0.25
19697,4.0
19698,3.0
19699,3.75
19700,4.25
19701,3.5
19702,2.25
19703,3.75
19704,4.0
19705,4.0
19706,3.5
19707,4.0
19708,3.75
19709,3.75
19710,5.0
19711,5.0
19712,4.0
19713,4.25
19714,2.75
19715,2.25
19716,2.75
19717,3.25
19718,3.75
19719,3.25
19720,3.25
19721,3.75
19722,3.75
19723,4.75
19724,4.5
19725,3.75
19726,4.5
19727,5.0
19728,4.0
19729,5.0
19730,4.5
19731,3.75
19732,3.75
19733,5.0
19734,3.5
19735,4.0
19736,3.75
19737,4.5
19738,3.25
19739,3.5
19740,4.25
19741,3.75
19742,3.75
19743,3.75
19744,3.75
19745,2.75
19746,3.25
19747,3.75
19748,4.0
19749,3.0
19750,3.75
19751,3.25
19752,3.75
19753,5.0
19754,3.75
19755,4.25
19756,3.5
19757,3.75
19758,3.25
19759,3.5
19760,5.0
19761,3.0
19762,5.0
19763,5.0
19764,3.75
19765,3.75
19766,4.5
19767,4.0
19768,4.25
19769,5.0
19770,4.0
19771,4.0
19772,4.25
19773,4.25
19774,4.25
19775,4.25
19776,3.5
19777,4.0
19778,3.75
19779,4.0
19780,3.75
19781,3.75
19782,3.75
19783,5.0
19784,3.75
19785,3.75
19786,4.0
19787,3.75
19788,5.0
19789,3.5
19790,3.75
19791,3.0
19792,2.75
19793,3.0
19794,3.25
19795,3.25
19796,2.5
19797,4.0
19798,3.5
19799,3.0
19800,3.5
19801,
19802,4.5
19803,4.0
19804,3.25
19805,3.75
19806,3.5
19807,3.75
19808,3.5
19809,4.0
19810,3.75
19811,3.75
19812,2.5
19813,4.0
19814,2.25
19815,4.0
19816,3.75
19817,3.75
19818,3.0
19819,3.75
19820,3.0
19821,3.0
19822,3.25
19823,3.75
19824,4.0
19825,3.75
19826,3.5
19827,3.25
19828,3.5
19829,4.0
19830,3.0
19831,4.25
19832,3.0
19833,4.25
19834,1.75
19835,2.0
19836,3.5
19837,3.75
19838,4.0
19839,2.0
19840,1.5
19841,4.0
19842,3.0
19843,2.75
19844,3.75
19845,4.0
19846,4.0
19847,3.75
19848,3.5
19849,2.5
19850,3.75
19851,4.0
19852,2.75
19853,4.5
19854,3.75
19855,4.0
19856,4.0
19857,4.0
19858,3.75
19859,4.0
19860,4.5
19861,4.25
19862,3.0
19863,3.75
19864,4.0
19865,4.0
19866,4.0
19867,4.0
19868,4.0
19869,3.0
19870,3.0
19871,4.0
19872,3.5
19873,5.0
19874,5.0
19875,3.75
19876,3.5
19877,2.75
19878,5.0
19879,4.0
19880,2.75
19881,3.0
19882,5.0
19883,4.0
19884,3.5
19885,4.0
19886,4.0
19887,5.0
19888,3.25
19889,3.25
19890,5.0
19891,5.0
19892,3.25
19893,3.0
19894,2.5
19895,4.0
19896,4.5
19897,3.5
19898,5.0
19899,4.0
19900,3.75
19901,3.75
19902,5.0
19903,4.0
19904,5.0
19905,4.0
19906,3.75
19907,5.0
19908,3.5
19909,4.0
19910,3.5
19911,3.75
19912,3.75
19913,3.75
19914,3.75
19915,3.5
19916,2.75
19917,4.0
19918,3.75
19919,3.5
19920,3.75
19921,3.75
19922,3.5
19923,4.0
19924,5.0
19925,4.5
19926,3.25
19927,4.5
19928,4.0
19929,4.0
19930,3.75
19931,4.0
19932,3.75
19933,3.75
19934,3.5
19935,3.75
19936,3.75
19937,3.75
19938,3.75
19939,3.25
19940,3.75
19941,2.75
19942,3.75
19943,3.75
19944,3.0
19945,2.75
19946,3.75
19947,3.75
19948,3.75
19949,3.75
19950,3.75
19951,4.0
19952,4.0
19953,4.25
19954,4.0
19955,2.75
19956,3.75
19957,2.5
19958,4.0
19959,2.5
19960,4.0
19961,3.5
19962,3.5
19963,3.75
19964,4.75
19965,3.5
19966,4.5
19967,4.0
19968,4.5
19969,3.75
19970,4.5
19971,3.5
19972,4.0
19973,3.75
19974,5.0
19975,4.0
19976,3.75
19977,4.25
19978,4.5
19979,4.0
19980,4.0
19981,4.75
19982,4.0
19983,3.75
19984,4.0
19985,3.75
19986,3.5
19987,3.75
19988,3.75
19989,3.75
19990,3.5
19991,4.25
19992,3.75
19993,4.0
19994,5.0
19995,3.5
19996,3.75
19997,3.0
19998,3.75
19999,4.0
20000,3.75
20001,4.0
20002,2.75
20003,3.75
20004,3.75
20005,4.0
20006,2.75
20007,4.0
20008,3.75
20009,4.25
20010,4.0
20011,4.0
20012,4.0
20013,3.5
20014,3.75
20015,3.75
20016,3.75
20017,4.0
20018,4.0
20019,4.5
20020,3.25
20021,3.75
20022,3.0
20023,3.75
20024,4.25
20025,4.0
20026,3.5
20027,3.0
20028,4.25
20029,4.0
20030,3.5
20031,4.0
20032,3.75
20033,3.75
20034,3.25
20035,4.0
20036,3.5
20037,3.75
20038,3.75
20039,3.75
20040,2.5
20041,2.75
20042,3.5
20043,3.25
20044,4.0
20045,3.5
20046,3.5
20047,4.25
20048,5.0
20049,4.0
20050,2.75
20051,4.75
20052,3.75
20053,3.25
20054,1.25
20055,3.75
20056,4.25
20057,4.0
20058,3.5
20059,3.5
20060,2.5
20061,4.25
20062,4.0
20063,4.5
20064,4.0
20065,3.5
20066,3.75
20067,4.0
20068,4.0
20069,3.0
20070,4.25
20071,3.5
20072,3.75
20073,4.0
20074,3.75
20075,3.75
20076,5.0
20077,
20078,3.75
20079,3.5
20080,3.75
20081,4.0
20082,3.0
20083,2.25
20084,2.75
20085,4.0
20086,3.0
20087,3.75
20088,4.0
20089,4.0
20090,3.5
20091,5.0
20092,3.75
20093,3.75
20094,4.0
20095,3.75
20096,4.0
20097,4.0
20098,3.5
20099,3.75
20100,2.5
20101,4.0
20102,5.0
20103,3.75
20104,5.0
20105,4.0
20106,3.5
20107,4.5
20108,4.0
20109,3.0
20110,3.5
20111,4.0
20112,4.0
20113,4.0
20114,4.0
20115,3.75
20116,3.25
20117,3.5
20118,3.5
20119,3.75
20120,3.5
20121,4.0
20122,4.0
20123,4.0
20124,3.5
20125,2.75
20126,3.5
20127,3.5
20128,3.25
20129,3.5
20130,4.0
20131,4.0
20132,4.0
20133,3.75
20134,2.75
20135,4.0
20136,4.0
20137,4.0
20138,4.25
20139,3.25
20140,3.75
20141,4.25
20142,4.0
20143,3.75
20144,3.5
20145,4.25
20146,3.5
20147,4.0
20148,4.0
20149,5.0
20150,3.0
20151,3.0
20152,3.75
20153,
20154,5.0
20155,4.0
20156,3.75
20157,3.75
20158,3.5
20159,5.0
20160,4.5
20161,4.0
20162,4.0
20163,3.75
20164,4.25
20165,4.0
20166,3.5
20167,3.0
20168,3.75
20169,3.75
20170,3.75
20171,4.25
20172,4.0
20173,3.75
20174,4.75
20175,4.0
20176,3.5
20177,5.0
20178,4.0
20179,4.0
20180,3.75
20181,4.0
20182,3.75
20183,3.5
20184,3.5
20185,3.75
20186,3.5
20187,3.75
20188,3.0
20189,4.0
20190,4.25
20191,4.0
20192,
20193,4.0
20194,3.75
20195,3.75
20196,3.75
20197,4.5
20198,3.75
20199,3.75
20200,3.75
20201,3.75
20202,3.75
20203,3.5
20204,4.0
20205,3.75
20206,3.75
20207,3.5
20208,5.0
20209,4.25
20210,3.75
20211,3.75
20212,4.0
20213,3.5
20214,3.75
20215,4.0
20216,4.0
20217,5.0
20218,3.75
20219,4.0
20220,3.0
20221,4.25
20222,4.0
20223,3.25
20224,3.25
20225,3.25
20226,2.75
20227,2.75
20228,4.25
20229,3.5
20230,3.5
20231,4.0
20232,4.0
20233,2.0
20234,3.5
20235,3.0
20236,3.75
20237,3.5
20238,4.0
20239,3.5
20240,3.75
20241,3.75
20242,3.5
20243,3.75
20244,3.75
20245,4.25
20246,3.25
20247,4.0
20248,2.5
20249,3.0
20250,3.5
20251,3.25
20252,3.0
20253,4.0
20254,4.75
20255,4.75
20256,5.0
20257,4.0
20258,4.0
20259,3.75
20260,4.25
20261,5.0
20262,3.5
20263,4.0
20264,4.0
20265,3.75
20266,5.0
20267,5.0
20268,4.25
20269,3.75
20270,4.0
20271,3.75
20272,4.0
20273,3.75
20274,3.75
20275,3.25
20276,3.75
20277,4.25
20278,4.25
20279,4.0
20280,4.0
20281,4.0
20282,3.75
20283,3.75
20284,3.5
20285,4.75
20286,3.0
20287,2.75
20288,4.0
20289,3.25
20290,3.75
20291,3.75
20292,3.25
20293,2.0
20294,3.0
20295,4.0
20296,3.5
20297,3.75
20298,3.25
20299,3.75
20300,2.75
20301,3.25
20302,2.75
20303,4.0
20304,2.75
20305,4.25
20306,3.25
20307,3.75
20308,3.5
20309,4.0
20310,4.25
20311,5.0
20312,4.0
20313,4.0
20314,4.5
20315,4.0
20316,4.0
20317,5.0
20318,4.0
20319,4.0
20320,4.0
20321,4.75
20322,3.75
20323,4.0
20324,5.0
20325,3.5
20326,3.75
20327,3.75
20328,3.25
20329,3.75
20330,3.75
20331,3.5
20332,4.0
20333,3.75
20334,3.75
20335,3.75
20336,4.0
20337,4.0
20338,3.5
20339,4.0
20340,4.25
20341,3.25
20342,3.25
20343,3.5
20344,4.0
20345,5.0
20346,4.0
20347,3.0
20348,4.75
20349,2.75
20350,3.75
20351,3.75
20352,3.75
20353,3.75
20354,3.75
20355,4.0
20356,
20357,5.0
20358,4.5
20359,4.0
20360,4.0
20361,4.0
20362,3.0
20363,3.75
20364,4.0
20365,3.5
20366,3.75
20367,3.0
20368,3.5
20369,4.5
20370,3.75
20371,4.0
20372,4.5
20373,3.75
20374,4.0
20375,4.0
20376,3.75
20377,3.25
20378,3.75
20379,4.0
20380,3.75
20381,3.75
20382,4.0
20383,3.25
20384,3.75
20385,3.75
20386,4.0
20387,4.0
20388,3.75
20389,3.25
20390,4.0
20391,5.0
20392,3.25
20393,3.75
20394,4.0
20395,5.0
20396,3.5
20397,3.25
20398,5.0
20399,4.0
20400,5.0
20401,4.0
20402,4.25
20403,3.25
20404,3.5
20405,4.75
20406,3.5
20407,4.0
20408,5.0
20409,3.75
20410,4.0
20411,3.75
20412,3.25
20413,3.25
20414,4.5
20415,4.0
20416,3.75
20417,3.75
20418,3.75
20419,3.5
20420,5.0
20421,4.0
20422,4.0
20423,4.0
20424,4.25
20425,4.25
20426,4.75
20427,5.0
20428,3.75
20429,4.0
20430,4.5
20431,3.75
20432,4.25
20433,3.75
20434,4.0
20435,1.25
20436,3.75
20437,4.5
20438,3.5
20439,4.0
20440,3.25
20441,3.5
20442,5.0
20443,3.5
20444,3.75
20445,3.75
20446,3.5
20447,3.0
20448,3.5
20449,3.75
20450,3.5
20451,3.0
20452,3.25
20453,3.75
20454,4.0
20455,3.75
20456,3.75
20457,3.5
20458,3.5
20459,3.75
20460,3.75
20461,4.0
20462,3.75
20463,4.0
20464,5.0
20465,3.75
20466,4.0
20467,3.75
20468,5.0
20469,3.75
20470,4.0
20471,4.0
20472,3.5
20473,3.5
20474,3.75
20475,3.75
20476,3.0
20477,3.75
20478,3.75
20479,3.25
20480,3.0
20481,3.5
20482,4.0
20483,2.75
20484,4.0
20485,3.75
20486,3.75
20487,3.75
20488,4.25
20489,3.25
20490,3.75
20491,4.25
20492,4.0
20493,3.5
20494,4.0
20495,2.0
20496,4.0
20497,3.25
20498,3.75
20499,3.75
20500,3.25
20501,4.0
20502,3.5
20503,3.75
20504,2.75
20505,3.25
20506,3.25
20507,3.25
20508,3.5
20509,2.75
20510,2.0
20511,3.5
20512,4.0
20513,3.75
20514,4.0
20515,4.0
20516,4.0
20517,2.75
20518,4.0
20519,4.25
20520,4.0
20521,4.0
20522,3.0
20523,4.0
20524,3.75
20525,3.75
20526,4.75
20527,4.0
20528,3.75
20529,3.75
20530,4.25
20531,4.75
20532,5.0
20533,3.5
20534,3.5
20535,3.75
20536,4.5
20537,3.75
20538,4.25
20539,3.75
20540,4.75
20541,4.0
20542,4.25
20543,3.5
20544,3.5
20545,4.0
20546,2.75
20547,3.75
20548,4.0
20549,3.75
20550,4.0
20551,4.0
20552,3.75
20553,3.75
20554,4.0
20555,4.0
20556,4.0
20557,3.0
20558,5.0
20559,3.0
20560,3.25
20561,4.0
20562,3.0
20563,3.25
20564,4.0
20565,4.0
20566,3.5
20567,4.25
20568,4.5
20569,2.75
20570,3.25
20571,4.25
20572,4.0
20573,4.0
20574,3.5
20575,3.75
20576,4.75
20577,4.25
20578,3.0
20579,3.5
20580,4.0
20581,4.0
20582,3.75
20583,4.0
20584,3.75
20585,3.25
20586,5.0
20587,3.75
20588,3.75
20589,4.0
20590,4.0
20591,4.0
20592,3.75
20593,5.0
20594,4.75
20595,5.0
20596,3.75
20597,3.75
20598,3.75
20599,4.5
20600,4.0
20601,4.0
20602,3.75
20603,3.0
20604,4.0
20605,4.0
20606,3.5
20607,3.75
20608,3.75
20609,3.75
20610,3.25
20611,3.75
20612,3.25
20613,4.0
20614,3.25
20615,3.75
20616,4.0
20617,4.25
20618,4.0
20619,4.25
20620,5.0
20621,4.0
20622,3.5
20623,5.0
20624,4.0
20625,4.25
20626,3.5
20627,4.0
20628,5.0
20629,4.5
20630,3.5
20631,4.0
20632,3.75
20633,3.75
20634,3.75
20635,1.25
20636,4.0
20637,3.75
20638,3.75
20639,4.0
20640,5.0
20641,4.0
20642,3.75
20643,4.0
20644,4.25
20645,3.75
20646,2.75
20647,3.5
20648,3.75
20649,3.0
20650,4.0
20651,3.5
20652,3.25
20653,5.0
20654,4.0
20655,4.0
20656,4.0
20657,3.75
20658,3.75
20659,3.5
20660,3.75
20661,4.0
20662,4.0
20663,3.5
20664,4.5
20665,4.5
20666,3.0
20667,4.25
20668,3.5
20669,4.25
20670,4.25
20671,4.0
20672,4.5
20673,4.0
20674,3.0
20675,3.75
20676,4.0
20677,5.0
20678,5.0
20679,4.0
20680,3.75
20681,3.75
20682,4.0
20683,4.0
20684,4.0
20685,3.5
20686,4.0
20687,3.75
20688,4.0
20689,4.0
20690,3.5
20691,3.5
20692,4.0
20693,4.0
20694,4.5
20695,3.75
20696,3.25
20697,4.0
20698,3.75
20699,3.75
20700,3.75
20701,4.0
20702,3.75
20703,4.0
20704,3.0
20705,4.0
20706,5.0
20707,3.75
20708,4.25
20709,3.0
20710,3.25
20711,4.0
20712,4.25
20713,3.75
20714,3.75
20715,3.75
20716,4.0
20717,4.25
20718,4.25
20719,3.75
20720,5.0
20721,4.0
20722,4.25
20723,3.0
20724,4.0
20725,3.75
20726,4.0
20727,2.5
20728,4.0
20729,4.75
20730,3.25
20731,3.5
20732,4.0
20733,3.75
20734,4.25
20735,3.25
20736,3.75
20737,5.0
20738,3.75
20739,3.75
20740,3.75
20741,3.75
20742,3.75
20743,4.25
20744,4.5
20745,3.5
20746,3.5
20747,3.0
20748,4.25
20749,4.25
20750,5.0
20751,4.0
20752,5.0
20753,3.5
20754,3.75
20755,3.75
20756,3.75
20757,3.75
20758,3.75
20759,4.5
20760,3.5
20761,4.0
20762,3.75
20763,3.5
20764,4.0
20765,4.0
20766,5.0
20767,3.25
20768,4.25
20769,3.0
20770,3.25
20771,3.25
20772,5.0
20773,4.0
20774,3.5
20775,4.75
20776,3.75
20777,4.25
20778,3.5
20779,3.75
20780,4.0
20781,3.25
20782,3.0
20783,3.75
20784,3.0
20785,4.5
20786,4.0
20787,3.75
20788,4.0
20789,4.0
20790,2.5
20791,3.25
20792,4.0
20793,4.0
20794,3.75
20795,4.0
20796,2.5
20797,4.5
20798,3.0
20799,4.0
20800,5.0
20801,3.25
20802,3.5
20803,4.0
20804,4.5
20805,4.0
20806,3.5
20807,4.0
20808,3.75
20809,3.75
20810,4.0
20811,3.75
20812,3.75
20813,3.75
20814,3.5
20815,3.25
20816,3.75
20817,3.5
20818,2.0
20819,3.25
20820,2.75
20821,3.0
20822,3.25
20823,3.75
20824,4.25
20825,3.25
20826,1.5
20827,2.25
20828,2.25
20829,4.5
20830,3.75
20831,5.0
20832,4.0
20833,3.75
20834,4.0
20835,3.75
20836,4.0
20837,4.0
20838,4.0
20839,4.25
20840,3.75
20841,4.0
20842,3.5
20843,4.25
20844,3.75
20845,4.5
20846,4.0
20847,4.0
20848,3.25
20849,3.5
20850,4.75
20851,4.25
20852,3.25
20853,3.5
20854,4.5
20855,4.25
20856,4.0
20857,4.25
20858,4.0
20859,4.25
20860,4.25
20861,3.0
20862,4.25
20863,4.0
20864,4.0
20865,3.75
20866,4.0
20867,4.25
20868,3.5
20869,2.5
20870,4.0
20871,4.75
20872,3.75
20873,3.0
20874,4.5
20875,4.0
20876,3.75
20877,3.75
20878,2.75
20879,2.5
20880,4.25
20881,4.0
20882,4.5
20883,4.75
20884,4.5
20885,3.75
20886,3.5
20887,4.0
20888,3.5
20889,3.75
20890,3.5
20891,4.25
20892,2.75
20893,4.0
20894,4.0
20895,3.0
20896,3.75
20897,4.0
20898,4.0
20899,3.75
20900,4.0
20901,4.5
20902,4.0
20903,4.25
20904,4.0
20905,3.75
20906,2.75
20907,3.75
20908,3.5
20909,4.25
20910,4.0
20911,4.25
20912,3.75
20913,4.0
20914,4.0
20915,4.25
20916,4.0
20917,4.5
20918,4.5
20919,4.0
20920,4.0
20921,2.75
20922,3.0
20923,4.5
20924,4.25
20925,2.75
20926,4.25
20927,4.0
20928,4.25
20929,4.25
20930,5.0
20931,4.0
20932,3.5
20933,3.75
20934,4.0
20935,4.75
20936,3.75
20937,4.5
20938,4.25
20939,4.25
20940,4.25
20941,4.25
20942,3.0
20943,4.0
20944,4.25
20945,3.25
20946,3.0
20947,4.0
20948,2.25
20949,3.75
20950,4.25
20951,3.5
20952,4.0
20953,4.0
20954,3.5
20955,3.5
20956,4.0
20957,3.5
20958,4.0
20959,3.5
20960,4.0
20961,4.0
20962,3.5
20963,3.0
20964,5.0
20965,4.25
20966,4.5
20967,3.5
20968,5.0
20969,2.5
20970,4.0
20971,4.5
20972,4.0
20973,4.0
20974,3.0
20975,3.5
20976,3.0
20977,3.0
20978,4.0
20979,3.5
20980,3.0
20981,2.0
20982,3.5
20983,2.0
20984,4.0
20985,3.5
20986,3.5
20987,4.0
20988,4.0
20989,3.5
20990,4.0
20991,4.0
20992,3.0
20993,4.0
20994,4.5
20995,4.0
20996,4.0
20997,3.5
20998,5.0
20999,5.0
21000,3.0
21001,4.0
21002,4.0
21003,4.0
21004,4.0
21005,3.25
21006,4.0
21007,3.5
21008,3.75
21009,3.0
21010,4.5
21011,3.0
21012,4.75
21013,2.5
21014,3.5
21015,5.0
21016,4.0
21017,3.25
21018,4.0
21019,3.0
21020,3.5
21021,4.0
21022,3.5
21023,4.5
21024,4.0
21025,3.75
21026,4.0
21027,4.5
21028,5.0
21029,4.0
21030,4.0
21031,4.0
21032,5.0
21033,4.0
21034,4.5
21035,4.5
21036,4.0
21037,2.5
21038,4.5
21039,5.0
21040,4.0
21041,5.0
21042,4.0
21043,4.0
21044,4.0
21045,5.0
21046,4.5
21047,3.5
21048,5.0
21049,3.0
21050,3.5
21051,5.0
21052,3.5
21053,5.0
21054,4.0
21055,4.0
21056,3.5
21057,3.0
21058,4.0
21059,4.0
21060,5.0
21061,5.0
21062,4.0
21063,4.0
21064,3.0
21065,4.0
21066,4.0
21067,5.0
21068,4.5
21069,4.0
21070,3.0
21071,4.0
21072,5.0
21073,4.0
21074,4.0
21075,3.5
21076,3.5
21077,3.5
21078,4.0
21079,3.5
21080,2.5
21081,4.5
21082,3.5
21083,2.5
21084,3.5
21085,4.0
21086,3.5
21087,4.0
21088,5.0
21089,5.0
21090,5.0
21091,4.5
21092,3.5
21093,5.0
21094,5.0
21095,3.0
21096,5.0
21097,5.0
21098,3.5
21099,5.0
21100,3.5
21101,4.0
21102,4.5
21103,3.5
21104,4.0
21105,4.5
21106,4.0
21107,5.0
21108,4.0
21109,4.0
21110,4.0
21111,3.5
21112,3.0
21113,4.0
21114,3.75
21115,4.0
21116,3.5
21117,4.0
21118,3.0
21119,3.5
21120,4.0
21121,4.0
21122,4.0
21123,4.0
21124,3.25
21125,3.0
21126,4.0
21127,4.75
21128,4.0
21129,4.0
21130,4.0
21131,3.0
21132,3.0
21133,3.5
21134,3.5
21135,4.0
21136,3.5
21137,5.0
21138,3.75
21139,4.0
21140,3.5
21141,3.5
21142,4.5
21143,4.0
21144,4.0
21145,4.5
21146,4.0
21147,4.0
21148,4.0
21149,3.5
21150,3.5
21151,5.0
21152,3.0
21153,3.0
21154,3.0
21155,4.75
21156,4.0
21157,4.5
21158,3.5
21159,
21160,5.0
21161,3.5
21162,5.0
21163,4.0
21164,4.5
21165,4.0
21166,4.25
21167,4.5
21168,4.0
21169,3.5
21170,3.5
21171,4.0
21172,4.5
21173,4.0
21174,4.0
21175,3.5
21176,3.5
21177,4.0
21178,3.5
21179,5.0
21180,5.0
21181,4.0
21182,4.0
21183,4.0
21184,5.0
21185,4.0
21186,4.0
21187,5.0
21188,4.0
21189,3.5
21190,5.0
21191,3.5
21192,3.5
21193,3.0
21194,3.5
21195,3.5
21196,4.5
21197,4.0
21198,4.0
21199,5.0
21200,4.0
21201,4.0
21202,3.75
21203,5.0
21204,4.5
21205,5.0
21206,3.5
21207,4.5
21208,3.5
21209,4.0
21210,3.5
21211,4.0
21212,3.5
21213,3.5
21214,4.0
21215,3.5
21216,3.0
21217,4.0
21218,3.0
21219,3.0
21220,3.5
21221,3.5
21222,3.5
21223,4.5
21224,4.5
21225,4.0
21226,4.0
21227,3.5
21228,4.0
21229,3.5
21230,4.0
21231,4.0
21232,4.0
21233,4.0
21234,3.0
21235,5.0
21236,4.0
21237,4.0
21238,5.0
21239,2.5
21240,4.75
21241,4.0
21242,5.0
21243,3.5
21244,4.0
21245,3.5
21246,5.0
21247,5.0
21248,3.0
21249,4.0
21250,5.0
21251,5.0
21252,5.0
21253,3.0
21254,4.0
21255,4.0
21256,3.75
21257,3.0
21258,3.0
21259,4.0
21260,4.0
21261,4.5
21262,3.5
21263,4.0
21264,3.75
21265,3.5
21266,3.0
21267,4.5
21268,4.0
21269,4.0
21270,4.0
21271,3.5
21272,3.5
21273,4.0
21274,4.0
21275,3.0
21276,3.5
21277,4.0
21278,3.5
21279,4.0
21280,3.5
21281,4.0
21282,4.25
21283,4.0
21284,4.0
21285,3.0
21286,4.0
21287,4.5
21288,5.0
21289,3.5
21290,3.5
21291,4.0
21292,3.0
21293,4.0
21294,3.0
21295,4.75
21296,3.0
21297,3.5
21298,3.5
21299,5.0
21300,5.0
21301,3.0
21302,4.5
21303,3.5
21304,3.5
21305,3.0
21306,2.0
21307,2.0
21308,2.0
21309,2.5
21310,3.0
21311,4.0
21312,5.0
21313,4.0
21314,4.0
21315,3.5
21316,2.0
21317,3.75
21318,3.0
21319,3.5
21320,4.5
21321,4.0
21322,4.0
21323,3.5
21324,4.5
21325,4.5
21326,3.5
21327,5.0
21328,5.0
21329,4.0
21330,3.5
21331,4.0
21332,3.5
21333,4.0
21334,4.5
21335,4.0
21336,4.0
21337,3.0
21338,4.0
21339,3.5
21340,4.0
21341,4.0
21342,3.5
21343,5.0
21344,2.0
21345,3.0
21346,3.5
21347,5.0
21348,4.0
21349,3.5
21350,3.75
21351,4.5
21352,3.5
21353,3.5
21354,3.0
21355,4.0
21356,5.0
21357,3.0
21358,4.0
21359,4.0
21360,4.5
21361,2.5
21362,3.0
21363,2.5
21364,3.5
21365,4.0
21366,4.0
21367,3.0
21368,4.0
21369,4.0
21370,3.5
21371,3.75
21372,3.5
21373,3.5
21374,3.5
21375,4.0
21376,3.5
21377,4.0
21378,3.5
21379,4.0
21380,3.0
21381,4.0
21382,3.0
21383,4.0
21384,3.25
21385,4.5
21386,3.5
21387,5.0
21388,3.5
21389,4.5
21390,3.5
21391,4.0
21392,3.0
21393,3.25
21394,4.0
21395,3.5
21396,3.0
21397,4.0
21398,4.5
21399,4.0
21400,3.5
21401,4.0
21402,4.5
21403,4.5
21404,3.5
21405,4.0
21406,3.5
21407,3.5
21408,3.5
21409,4.0
21410,3.0
21411,4.0
21412,4.0
21413,4.25
21414,3.0
21415,3.0
21416,4.5
21417,5.0
21418,5.0
21419,4.0
21420,4.0
21421,4.5
21422,4.0
21423,4.5
21424,4.0
21425,4.0
21426,4.0
21427,3.5
21428,3.5
21429,3.5
21430,3.5
21431,3.75
21432,3.5
21433,3.5
21434,5.0
21435,4.5
21436,3.5
21437,4.5
21438,3.5
21439,3.5
21440,3.5
21441,3.5
21442,5.0
21443,3.5
21444,3.5
21445,4.0
21446,4.0
21447,2.5
21448,3.5
21449,3.5
21450,4.0
21451,5.0
21452,4.25
21453,4.0
21454,4.0
21455,4.5
21456,4.0
21457,4.0
21458,2.5
21459,4.5
21460,3.5
21461,3.0
21462,4.5
21463,3.25
21464,2.5
21465,3.5
21466,3.0
21467,5.0
21468,3.5
21469,5.0
21470,4.5
21471,3.0
21472,3.0
21473,5.0
21474,4.0
21475,4.0
21476,3.0
21477,3.0
21478,3.5
21479,4.0
21480,4.0
21481,3.0
21482,2.0
21483,3.0
21484,3.5
21485,3.0
21486,5.0
21487,3.75
21488,4.5
21489,3.5
21490,2.0
21491,4.0
21492,3.0
21493,3.5
21494,3.5
21495,3.0
21496,3.0
21497,4.0
21498,3.5
21499,3.0
21500,4.0
21501,4.0
21502,4.5
21503,3.5
21504,4.0
21505,5.0
21506,3.5
21507,3.5
21508,2.0
21509,3.0
21510,4.0
21511,2.0
21512,4.0
21513,3.0
21514,4.0
21515,3.0
21516,4.0
21517,5.0
21518,3.0
21519,3.0
21520,1.5
21521,3.5
21522,2.5
21523,4.5
21524,3.25
21525,3.75
21526,3.5
21527,4.5
21528,3.5
21529,4.25
21530,3.5
21531,4.0
21532,2.5
21533,3.75
21534,4.5
21535,4.0
21536,3.5
21537,4.0
21538,3.5
21539,5.0
21540,5.0
21541,5.0
21542,4.0
21543,5.0
21544,5.0
21545,3.5
21546,4.5
21547,4.25
21548,4.0
21549,4.75
21550,4.0
21551,4.5
21552,4.0
21553,5.0
21554,
21555,4.5
21556,4.0
21557,4.5
21558,5.0
21559,4.5
21560,4.0
21561,4.5
21562,3.0
21563,4.0
21564,3.5
21565,3.5
21566,5.0
21567,5.0
21568,5.0
21569,4.0
21570,4.5
21571,5.0
21572,5.0
21573,4.5
21574,4.0
21575,5.0
21576,3.0
21577,5.0
21578,4.5
21579,3.5
21580,4.0
21581,3.5
21582,3.5
21583,3.5
21584,3.5
21585,4.0
21586,5.0
21587,5.0
21588,5.0
21589,3.5
21590,3.5
21591,4.0
21592,2.5
21593,3.0
21594,3.5
21595,3.5
21596,3.0
21597,4.25
21598,5.0
21599,3.5
21600,4.0
21601,3.5
21602,4.0
21603,3.5
21604,2.5
21605,3.5
21606,3.0
21607,3.0
21608,4.0
21609,
21610,3.5
21611,
21612,3.5
21613,4.0
21614,
21615,3.5
21616,3.5
21617,3.0
21618,3.0
21619,4.5
21620,3.5
21621,4.0
21622,4.0
21623,3.5
21624,2.5
21625,2.5
21626,4.0
21627,2.0
21628,3.0
21629,2.5
21630,3.5
21631,3.0
21632,2.5
21633,3.5
21634,3.5
21635,5.0
21636,4.0
21637,4.0
21638,4.0
21639,4.0
21640,3.5
21641,4.0
21642,3.5
21643,2.5
21644,3.5
21645,4.0
21646,4.5
21647,4.0
21648,1.5
21649,4.0
21650,2.5
21651,2.5
21652,4.0
21653,3.0
21654,5.0
21655,4.5
21656,3.5
21657,5.0
21658,3.5
21659,3.5
21660,4.0
21661,2.5
21662,2.5
21663,3.5
21664,
21665,3.0
21666,4.0
21667,3.5
21668,3.5
21669,2.0
21670,3.5
21671,4.0
21672,3.5
21673,3.0
21674,2.5
21675,3.75
21676,4.5
21677,4.0
21678,4.0
21679,3.5
21680,3.5
21681,3.0
21682,2.5
21683,4.0
21684,4.0
21685,3.0
21686,3.0
21687,4.0
21688,4.5
21689,4.5
21690,4.0
21691,4.25
21692,4.0
21693,5.0
21694,3.5
21695,5.0
21696,4.0
21697,4.5
21698,4.0
21699,4.0
21700,4.0
21701,3.0
21702,3.0
21703,4.0
21704,4.5
21705,4.0
21706,2.5
21707,4.0
21708,3.5
21709,3.5
21710,3.5
21711,3.5
21712,3.75
21713,4.0
21714,2.0
21715,3.5
21716,4.0
21717,2.5
21718,
21719,4.0
21720,3.0
21721,4.0
21722,4.0
21723,3.5
21724,3.5
21725,3.5
21726,4.0
21727,4.0
21728,3.5
21729,3.75
21730,4.0
21731,4.0
21732,4.0
21733,3.0
21734,3.5
21735,3.5
21736,3.0
21737,4.5
21738,2.5
21739,3.5
21740,5.0
21741,2.0
21742,4.0
21743,4.0
21744,4.0
21745,5.0
21746,5.0
21747,4.5
21748,5.0
21749,4.5
21750,4.0
21751,2.5
21752,4.0
21753,4.0
21754,4.5
21755,3.0
21756,4.5
21757,3.5
21758,3.5
21759,3.0
21760,3.5
21761,4.0
21762,4.0
21763,3.5
21764,4.0
21765,3.5
21766,4.0
21767,5.0
21768,4.5
21769,3.5
21770,5.0
21771,4.5
21772,4.5
21773,5.0
21774,3.5
21775,4.0
21776,4.0
21777,4.0
21778,3.5
21779,4.0
21780,4.0
21781,2.0
21782,3.5
21783,4.0
21784,2.5
21785,3.5
21786,5.0
21787,4.0
21788,3.5
21789,4.0
21790,3.5
21791,3.5
21792,3.5
21793,4.0
21794,4.0
21795,4.5
21796,4.0
21797,4.0
21798,4.5
21799,5.0
21800,3.75
21801,3.0
21802,3.5
21803,3.75
21804,4.5
21805,3.5
21806,2.5
21807,5.0
21808,4.0
21809,5.0
21810,4.0
21811,4.0
21812,4.5
21813,4.0
21814,4.5
21815,5.0
21816,4.0
21817,5.0
21818,3.0
21819,3.0
21820,4.0
21821,4.0
21822,3.75
21823,4.0
21824,5.0
21825,4.0
21826,3.5
21827,3.0
21828,3.0
21829,5.0
21830,4.5
21831,5.0
21832,3.0
